<?xml version="1.0" encoding="UTF-8"?><?xml-stylesheet type='text/xsl' href='_UpgradeReport_Files/UpgradeReport.xslt'?><UpgradeLog>
<Properties><Property Name="Solution" Value="Evo Live Map">
</Property><Property Name="Solution File" Value="C:\Documents and Settings\Banks\Desktop\Evo Live Map Chart\Evo Live Map.sln">
</Property><Property Name="User Options File" Value="C:\Documents and Settings\Banks\Desktop\Evo Live Map Chart\Evo Live Map.suo">
</Property><Property Name="Date" Value="05 April 2009">
</Property><Property Name="Time" Value="12:03">
</Property></Properties><Event ErrorLevel="0" Project="" Source="Evo Live Map.sln" Description="File successfully backed up as C:\Documents and Settings\Banks\Desktop\Evo Live Map Chart\Backup\Evo Live Map.sln">
</Event><Event ErrorLevel="0" Project="" Source="Evo Live Map.suo" Description="File successfully backed up as C:\Documents and Settings\Banks\Desktop\Evo Live Map Chart\Backup\Evo Live Map.suo">
</Event><Event ErrorLevel="0" Project="Evo Live Map" Source="Evo Live Map\Evo Live Map.vbproj" Description="Project file successfully backed up as C:\Documents and Settings\Banks\Desktop\Evo Live Map Chart\Backup\Evo Live Map\Evo Live Map.vbproj">
</Event><Event ErrorLevel="0" Project="Evo Live Map" Source="Evo Live Map\Evo Live Map.vbproj.user" Description="Project user file successfully backed up as C:\Documents and Settings\Banks\Desktop\Evo Live Map Chart\Backup\Evo Live Map\Evo Live Map.vbproj.user">
</Event><Event ErrorLevel="0" Project="Evo Live Map" Source="Evo Live Map\D2XX_Unit_NET.vb" Description="File successfully backed up as C:\Documents and Settings\Banks\Desktop\Evo Live Map Chart\Backup\Evo Live Map\D2XX_Unit_NET.vb">
</Event><Event ErrorLevel="0" Project="Evo Live Map" Source="Evo Live Map\Form1.vb" Description="File successfully backed up as C:\Documents and Settings\Banks\Desktop\Evo Live Map Chart\Backup\Evo Live Map\Form1.vb">
</Event><Event ErrorLevel="0" Project="Evo Live Map" Source="Evo Live Map\Form1.Designer.vb" Description="File successfully backed up as C:\Documents and Settings\Banks\Desktop\Evo Live Map Chart\Backup\Evo Live Map\Form1.Designer.vb">
</Event><Event ErrorLevel="0" Project="Evo Live Map" Source="Evo Live Map\My Project\AssemblyInfo.vb" Description="File successfully backed up as C:\Documents and Settings\Banks\Desktop\Evo Live Map Chart\Backup\Evo Live Map\My Project\AssemblyInfo.vb">
</Event><Event ErrorLevel="0" Project="Evo Live Map" Source="Evo Live Map\My Project\Application.Designer.vb" Description="File successfully backed up as C:\Documents and Settings\Banks\Desktop\Evo Live Map Chart\Backup\Evo Live Map\My Project\Application.Designer.vb">
</Event><Event ErrorLevel="0" Project="Evo Live Map" Source="Evo Live Map\My Project\Resources.Designer.vb" Description="File successfully backed up as C:\Documents and Settings\Banks\Desktop\Evo Live Map Chart\Backup\Evo Live Map\My Project\Resources.Designer.vb">
</Event><Event ErrorLevel="0" Project="Evo Live Map" Source="Evo Live Map\My Project\Settings.Designer.vb" Description="File successfully backed up as C:\Documents and Settings\Banks\Desktop\Evo Live Map Chart\Backup\Evo Live Map\My Project\Settings.Designer.vb">
</Event><Event ErrorLevel="0" Project="Evo Live Map" Source="Evo Live Map\My Project\Application.myapp" Description="File successfully backed up as C:\Documents and Settings\Banks\Desktop\Evo Live Map Chart\Backup\Evo Live Map\My Project\Application.myapp">
</Event><Event ErrorLevel="0" Project="Evo Live Map" Source="Evo Live Map\My Project\Settings.settings" Description="File successfully backed up as C:\Documents and Settings\Banks\Desktop\Evo Live Map Chart\Backup\Evo Live Map\My Project\Settings.settings">
</Event><Event ErrorLevel="0" Project="Evo Live Map" Source="Evo Live Map\Form1.resx" Description="File successfully backed up as C:\Documents and Settings\Banks\Desktop\Evo Live Map Chart\Backup\Evo Live Map\Form1.resx">
</Event><Event ErrorLevel="0" Project="Evo Live Map" Source="Evo Live Map\My Project\licenses.licx" Description="File successfully backed up as C:\Documents and Settings\Banks\Desktop\Evo Live Map Chart\Backup\Evo Live Map\My Project\licenses.licx">
</Event><Event ErrorLevel="0" Project="Evo Live Map" Source="Evo Live Map\My Project\Resources.resx" Description="File successfully backed up as C:\Documents and Settings\Banks\Desktop\Evo Live Map Chart\Backup\Evo Live Map\My Project\Resources.resx">
</Event><Event ErrorLevel="0" Project="Evo Live Map" Source="Evo Live Map\Evo Live Map.vbproj" Description="Project converted successfully">
</Event><Event ErrorLevel="3" Project="Evo Live Map" Source="Evo Live Map\Evo Live Map.vbproj" Description="Converted">
</Event><Event ErrorLevel="0" Project="" Source="Evo Live Map.sln" Description="Solution converted successfully">
</Event><Event ErrorLevel="3" Project="" Source="Evo Live Map.sln" Description="Converted">
</Event><Event ErrorLevel="0" Project="Evo Live Map" Source="Evo Live Map\Evo Live Map.vbproj" Description="Scan complete: Upgrade not required for project files.">
</Event></UpgradeLog>