<rom>
	<romid>
		<xmlid>91890014</xmlid>
		<internalidaddress>f52</internalidaddress>
		<internalidhex>91890014</internalidhex>
		<make>Mitsubishi</make>
		<market>USDM</market>
		<model>Lancer</model>
		<submodel>OZ</submodel>
		<transmission>Manual</transmission>
		<year>2003</year>
		<flashmethod>mitsukernel</flashmethod>
		<memmodel>SH7052</memmodel>
	</romid>

	<include>evo7base</include>

	<table name="High Octane Fuel Map" category="Fuel" address="4ffb" type="3D" level="1" swapxy="true" scaling="AFR">
		<table name="Load" address="67b8" type="X Axis" elements="10" scaling="Load"/>
		<table name="RPM" address="6706" type="Y Axis" elements="14" scaling="RPM"/>
	</table>

	<table name="Low Octane Fuel Map" category="Fuel" address="5093" type="3D" swapxy="true" scaling="AFR">
		<table name="Load" address="67b8" type="X Axis" elements="10" scaling="Load"/>
		<table name="RPM" address="6706" type="Y Axis" elements="14" scaling="RPM"/>
	</table>

	<table name="High Octane Ignition Map 1" category="Timing" address="512b" type="3D" swapxy="true" scaling="Timing">
		<table name="Load" address="69a0" type="X Axis" elements="12" scaling="Load"/>
		<table name="RPM" address="6972" type="Y Axis" elements="18"/>
	</table>

	<table name="Low Octane Ignition Map 1" category="Timing" address="520f" type="3D" swapxy="true" scaling="Timing">
		<table name="Load" address="69a0" type="X Axis" elements="12" scaling="Load"/>
		<table name="RPM" address="6972" type="Y Axis" elements="18" scaling="RPM"/>
	</table>

	<table name="Injector Battery Voltage Latency Compensation" category="Fuel" address="359e" type="2D" scaling="InjectorLatency">
		<table name="Battery Voltage" address="6896" type="Y Axis" elements="7" scaling="BatteryVoltage"/>
	</table>

	<table name="Rev Limit" category="Limits" address="156c" type="1D" scaling="RPMLimit"/>

	<table name="Stationary Rev Limit" category="Limits" type="1D" level="4" scaling="RPMStatLimit"/>

	<table name="Accel Enrichment" category="Fuel" address="3642" type="2D" scaling="EnrichmentAdj">
		<table name="RPM" address="6cc6" type="Y Axis" elements="10" scaling="RPM"/>
	</table>

	<table name="Open Loop Load # 1" category="Fuel" address="347c" type="2D" scaling="Load8">
		<table name="RPM" address="6706" type="Y Axis" elements="14" scaling="RPM"/>
	</table>

	<table name="Open Loop Load # 2" category="Fuel" address="3492" type="2D" scaling="Load8">
		<table name="RPM" address="6706" type="Y Axis" elements="14" scaling="RPM"/>
	</table>

	<table name="Open Loop Throttle Low Load" category="Fuel" address="34ae" type="2D" scaling="ThrottleVoltage">
		<table name="RPM" address="6706" type="Y Axis" elements="14" scaling="RPM"/>
	</table>

	<table name="Open Loop Throttle High Load" category="Fuel" address="34c4" type="2D" scaling="ThrottleVoltage">
		<table name="RPM" address="6706" type="Y Axis" elements="14" scaling="RPM"/>
	</table>

	<table name="IC Relay Timer ON Mode Switch Time" category="Misc" address="2634" type="1D" scaling="TimeSec"/>

	<table name="IC Relay Timer Control RPM" category="Misc" address="2636" type="1D" scaling="RPMStatLimit"/>

	<table name="IC Relay Timer Control Water Temp" category="Misc" address="2638" type="2D" scaling="Temp">
		<table name="Condition" type="Static Y Axis" elements="2">
			<data>Hi</data>
			<data>Lo</data>
		</table>
	</table>

	<table name="IC Relay Control Vehicle Speed" category="Misc" address="263c" type="1D" scaling="VehicleSpeed"/>

	<table name="IC Relay Control EV" category="Misc" address="263e" type="1D" scaling="Load"/>

	<table name="IC Relay Timer Time" category="Misc" address="264e" type="2D" scaling="TimeSec">
		<table name="Condition" type="Static Y Axis" elements="2">
			<data>On</data>
			<data>Off</data>
		</table>
	</table>

	<table name="IC Relay Timer Control Judgement" category="Misc" address="1ee2" type="2D" scaling="Volts16">
		<table name="Condition" type="Static Y Axis" elements="2">
			<data>Hi</data>
			<data>Lo</data>
		</table>
	</table>

	<table name="IC Relay Timer Air Temp" category="Misc" address="1ee6" type="1D" scaling="Temp"/>

	<table name="Desired ISCV intial step position with AC off-Neutral" category="Idle" address="3aca" type="2D" scaling="ISCVSteps">
		<table name="Engine Temp" address="6a40" type="Y Axis" elements="8" scaling="Temp"/>
	</table>

	<table name="Desired ISCV intial step position with AC off-Drive" category="Idle" address="3ad8" type="2D" scaling="ISCVSteps">
		<table name="Engine Temp" address="6a40" type="Y Axis" elements="8" scaling="Temp"/>
	</table>

	<table name="Desired ISCV intial step position with AC on-Neutral" category="Idle" address="3ae6" type="2D" scaling="ISCVSteps">
		<table name="Engine Temp" address="6a40" type="Y Axis" elements="8" scaling="Temp"/>
	</table>

	<table name="Desired Idle RPM-Neutral" category="Idle" address="3aae" type="2D" scaling="RPM8">
		<table name="Engine Temp" address="6a40" type="Y Axis" elements="8" scaling="Temp"/>
	</table>

	<table name="Desired Idle RPM-Drive" category="Idle" address="3abc" type="2D" scaling="RPM8">
		<table name="Engine Temp" address="6a40" type="Y Axis" elements="8" scaling="Temp"/>
	</table>

	<table name="Desired Idle RPM with AC on" category="Idle" address="1820" type="2D" scaling="RPMTarget">
		<table name="Condition" type="Static Y Axis" elements="4"/>
	</table>

	<table name="High Intake Air Temp Idle Speed Target" category="Idle" address="246a" type="2D" scaling="RPMTarget">
		<table name="Condition" type="Static Y Axis" elements="2">
			<data>AC Off</data>
			<data>AC On</data>
		</table>
	</table>

	<table name="High Intake Air Temp ISCV Increase" category="Idle" address="246e" type="2D" scaling="ISCVSteps16">
		<table name="Condition" type="Static Y Axis" elements="2">
			<data>AC Off</data>
			<data>AC On</data>
		</table>
	</table>

	<table name="Min Coolant Temp for Closed Loop" category="Fuel" address="158a" type="1D" scaling="Temp"/>

	<table name="Speed Limit" category="Limits" address="156e" type="2D" scaling="VehicleSpeed">
		<table name="Condition" type="Static Y Axis" elements="2">
			<data>On</data>
			<data>Off</data>
		</table>
	</table>

	<table name="Injector Scaling" category="Fuel" address="1506" type="1D" scaling="InjectorScaling"/>

	<table name="MAF Scaling" category="Fuel" address="3306" type="2D" level="3" scaling="AirFlow8">
		<table name="Load" address="6846" type="Y Axis" elements="21" scaling="uint16"/>
	</table>

	<table name="MAF Smoothing Table" category="Fuel" address="3322" type="2D" level="3" scaling="AirFlow8">
		<table name="Load" address="6846" type="Y Axis" elements="21" scaling="uint16"/>
	</table>

	<table name="Air Temperature Compensation" category="Fuel" address="333e" type="2D" level="3" flipy="true" scaling="uint8">
		<table name="Degrees" address="6a40" type="Y Axis" elements="7" scaling="Temp"/>
	</table>

	<table name="Barometric Pressure Compensation" category="Fuel" address="3351" type="3D" level="3" swapxy="true" scaling="BoostBar">
		<table name="Atmosphere Pressure" address="6834" type="X Axis" elements="4" scaling="Load16"/>
		<table name="RPM" address="687a" type="Y Axis" elements="9" scaling="RPM"/>
	</table>

	<table name="Idle Stepper Look-up Table" category="Idle" address="3bfb" type="3D" level="2" scaling="ISCVSteps">
		<table name="Throttle Position" address="6b04" type="X Axis" elements="8" scaling="uint16"/>
		<table name="RPM" address="6b1e" type="Y Axis" elements="27" scaling="RPM"/>
	</table>

	<table name="Knock Sensor Filter Map 1" category="Timing" address="3fb5" type="3D" level="4" swapxy="true" scaling="uint8">
		<table name="TAR" address="6ce6" type="X Axis" elements="9" scaling="Load16"/>
		<table name="RPM" address="6cc6" type="Y Axis" elements="11" scaling="RPM"/>
	</table>

	<table name="Knock Sensor Filter Map 2" category="Timing" address="4023" type="3D" level="1" swapxy="true" scaling="uint8">
		<table name="TAR" address="6ce6" type="X Axis" elements="9" scaling="Load16"/>
		<table name="RPM" address="6cc6" type="Y Axis" elements="11" scaling="RPM"/>
	</table>

	<table name="Knock Sensor Filter Map 3" category="Timing" address="4091" type="3D" level="1" swapxy="true" scaling="uint8">
		<table name="TAR" address="6ce6" type="X Axis" elements="9" scaling="Load16"/>
		<table name="RPM" address="6cc6" type="Y Axis" elements="11" scaling="RPM"/>
	</table>

	<table name="Knock Sensor Filter Map 4" category="Timing" address="40ff" type="3D" level="1" swapxy="true" scaling="uint8">
		<table name="TAR" address="6ce6" type="X Axis" elements="9" scaling="Load16"/>
		<table name="RPM" address="6cc6" type="Y Axis" elements="11" scaling="RPM"/>
	</table>

	<table name="Knock Sensor Filter Map 5" category="Timing" address="416d" type="3D" level="1" swapxy="true" scaling="uint8">
		<table name="TAR" address="6ce6" type="X Axis" elements="9" scaling="Load16"/>
		<table name="RPM" address="6cc6" type="Y Axis" elements="11" scaling="RPM"/>
	</table>

	<table name="Knock Sensor Filter Map 6" category="Timing" address="41db" type="3D" level="1" swapxy="true" scaling="uint8">
		<table name="TAR" address="6ce6" type="X Axis" elements="9" scaling="Load16"/>
		<table name="RPM" address="6cc6" type="Y Axis" elements="11" scaling="RPM"/>
	</table>

	<table name="Knock Sensor Filter Map 7" category="Timing" address="44d7" type="3D" level="1" swapxy="true" scaling="uint8">
		<table name="TAR" address="6ce6" type="X Axis" elements="9" scaling="Load16"/>
		<table name="RPM" address="6cc6" type="Y Axis" elements="11" scaling="RPM"/>
	</table>

	<table name="Knock Sensor Filter Map 8" category="Timing" address="4545" type="3D" level="1" swapxy="true" scaling="uint8">
		<table name="TAR" address="6ce6" type="X Axis" elements="9" scaling="Load16"/>
		<table name="RPM" address="6cc6" type="Y Axis" elements="11" scaling="RPM"/>
	</table>

	<table name="Knock Sensor Filter Map 9" category="Timing" address="45b3" type="3D" level="1" swapxy="true" scaling="uint8">
		<table name="TAR" address="6ce6" type="X Axis" elements="9" scaling="Load16"/>
		<table name="RPM" address="6cc6" type="Y Axis" elements="11" scaling="RPM"/>
	</table>

	<table name="Knock Sensor Filter Map 10" category="Timing" address="4621" type="3D" level="1" swapxy="true" scaling="uint8">
		<table name="TAR" address="6ce6" type="X Axis" elements="9" scaling="Load16"/>
		<table name="RPM" address="6cc6" type="Y Axis" elements="11" scaling="RPM"/>
	</table>

	<table name="Knock Sensor Filter Map 11" category="Timing" address="468f" type="3D" level="1" swapxy="true" scaling="uint8">
		<table name="TAR" address="6ce6" type="X Axis" elements="9" scaling="Load16"/>
		<table name="RPM" address="6cc6" type="Y Axis" elements="11" scaling="RPM"/>
	</table>

	<table name="Knock Sensor Filter Map 12" category="Timing" type="3D" level="1" swapxy="true" scaling="Timing">
		<table name="TAR" address="6ce6" type="X Axis" elements="9" scaling="Load16"/>
		<table name="RPM" address="6cc6" type="Y Axis" elements="10" scaling="RPM"/>
	</table>

	<table name="Init Code" category="Misc" address="3ffcc" type="1D" level="1" scaling="Hex16"/>

	<table name="Immobilizer" category="Misc" address="3ffce" type="1D" level="3" scaling="Hex16"/>

	<table name="MAF Sensor Filtering" category="Fuel" address="1508" type="2D" level="3" scaling="uint16">
		<table name="Load" type="Static Y Axis" elements="2">
			<data>Hi</data>
			<data>Lo</data>
		</table>
	</table>

	<table name="MAF Size" category="Fuel" address="150c" type="1D" level="3" scaling="AirFlow16"/>

</rom>
