<rom>
	<romid>
		<xmlid>96630008</xmlid>
		<internalidaddress>f52</internalidaddress>
		<internalidhex>96630008</internalidhex>
		<make>Mitsubishi</make>
		<market>USDM</market>
		<model>Lancer</model>
		<submodel>ES</submodel>
		<transmission>5MT</transmission>
		<year>2005</year>
		<flashmethod>mitsukernel</flashmethod>
		<memmodel>SH7052</memmodel>
	</romid>

	<scaling name="AFR" units="AFR" toexpr="14.7*128/x" frexpr="14.7*128/x" format="%.1f" min="8" max="20" inc="0.1" storagetype="uint8" endian="big"/>
	<scaling name="AirFlow16" units="g/s" toexpr="x*600/65536" frexpr="x*65536/600" format="%.1f" min="0" max="600" inc="1" storagetype="uint16" endian="big"/>
	<scaling name="AirFlow8" units="g/s" toexpr="x*321/256" frexpr="x*256/321" format="%.1f" min="0" max="321" inc="1" storagetype="uint8" endian="big"/>
	<scaling name="AirFlowHz" units="units" toexpr="x/10.24" frexpr="x*10.24" format="%.0f" min="0" max="6400" inc="1" storagetype="uint16" endian="big"/>
	<scaling name="Barometer" units="kPa" toexpr="x/2" frexpr="x*2" format="%.2f" min="0" max="300" inc="1" storagetype="uint16" endian="big"/>
	<scaling name="BatteryVoltage" units="V" toexpr="x*75/1024" frexpr="x*1024/75" format="%.2f" min="0" max="18.75" inc="0.5" storagetype="uint16" endian="big"/>
	<scaling name="BoostBar" units="bar" toexpr="x/93.7" frexpr="x*93.7" format="%.2f" min="0" max="2.7" inc="0.05" storagetype="uint8" endian="big"/>
	<scaling name="BoostBar16" units="bar" toexpr="x/1372.2" frexpr="x*1372.2" format="%.2f" min="0" max="2.7" inc="0.05" storagetype="uint16" endian="big"/>
	<scaling name="BoostError" units="%" toexpr="x*5/32-20" frexpr="(x+20)*32/5" format="%.1f" min="-20" max="20" inc="0.5" storagetype="uint16" endian="big"/>
	<scaling name="DynamicBoost" units="%" toexpr="(x-128)/2" frexpr="x*2+128" format="%.1f" min="-64" max="63.5" inc="0.5" storagetype="uint8" endian="big"/>
	<scaling name="EnrichmentAdj" units="%" toexpr="x/128" frexpr="x*128" format="%.2f" min="0" max="2" inc="0.05" storagetype="uint8" endian="big"/>
	<scaling name="Hex16" units="hex" toexpr="x" frexpr="x" format="%04X" min="0" max="65535" inc="1" storagetype="uint16" endian="big"/>
	<scaling name="Hex8" units="hex" toexpr="x" frexpr="x" format="%02X" min="0" max="255" inc="1" storagetype="uint8" endian="big"/>
	<scaling name="ISCVSteps" units="Steps" toexpr="x" frexpr="x" format="%.0f" min="0" max="255" inc="1" storagetype="uint8" endian="big"/>
	<scaling name="ISCVSteps16" units="Steps" toexpr="x" frexpr="x" format="%.0f" min="0" max="255" inc="1" storagetype="uint16" endian="big"/>
	<scaling name="InjectorLatency" units="ms" toexpr="x*0.024" frexpr="x/0.024" format="%.3f" min="0" max="4" inc="1" storagetype="uint8" endian="big"/>
	<scaling name="InjectorScaling" units="cc/min" toexpr="29241/x" frexpr="29241/x" format="%.0f" min="1" max="1000" inc="10" storagetype="uint16" endian="big"/>
	<scaling name="Load" units="%" toexpr="x*10/32" frexpr="x*32/10" format="%.0f" min="0" max="300" inc="1" storagetype="uint16" endian="big"/>
	<scaling name="Load16" units="units" toexpr="x*5/8" frexpr="x*8/5" format="%.1f" min="0" max="100" inc="1" storagetype="uint16" endian="big"/>
	<scaling name="Load8" units="%" toexpr="x*5/8" frexpr="x*8/5" format="%.1f" min="0" max="160" inc="1" storagetype="uint8" endian="big"/>
	<scaling name="LoadBoost" units="%" toexpr="x*5/4" frexpr="x*4/5" format="%.0f" min="0" max="319" inc="1" storagetype="uint8" endian="big"/>
	<scaling name="MAFsize" units="units" toexpr="39044/x" frexpr="39044/x" format="%.0f" min="1000" max="5000" inc="1" storagetype="int16" endian="big"/>
	<scaling name="RPM" units="RPM" toexpr="x*1000/256" frexpr="x*256/1000" format="%.0f" min="0" max="8000" inc="50" storagetype="uint16" endian="big"/>
	<scaling name="RPM8" units="RPM" toexpr="x*125/16" frexpr="x*16/125" format="%.0f" min="0" max="2000" inc="50" storagetype="uint8" endian="big"/>
	<scaling name="RPMLimit" units="RPM" toexpr="7500000/x" frexpr="7500000/x" format="%.0f" min="0" max="9000" inc="60" storagetype="uint16" endian="big"/>
	<scaling name="RPMStatLimit" units="units" toexpr="x*31.25" frexpr="x/31.25" format="%.0f" min="0" max="9000" inc="31.25" storagetype="uint16" endian="big"/>
	<scaling name="RPMTarget" units="RPM" toexpr="x*125/16" frexpr="x*16/125" format="%.0f" min="0" max="2000" inc="50" storagetype="uint16" endian="big"/>
	<scaling name="Temp" units="Celsius" toexpr="x-40" frexpr="x+40" format="%.0f" min="-40" max="215" inc="1" storagetype="uint16" endian="big"/>
	<scaling name="ThrottleVoltage" units="V" toexpr="x*5/256" frexpr="x*256/5" format="%.2f" min="0" max="5" inc="0.05" storagetype="uint8" endian="big"/>
	<scaling name="Time" units="ms" toexpr="x*25" frexpr="x/25" format="%.0f" min="0" max="1.63838e+06" inc="25" storagetype="uint16" endian="big"/>
	<scaling name="TimeSec" units="s" toexpr="x/10" frexpr="x*10" format="%.1f" min="0" max="25.5" inc="0.1" storagetype="uint16" endian="big"/>
	<scaling name="Timing" units="degrees" toexpr="x" frexpr="x" format="%.0f" min="-61" max="61" inc="1" storagetype="int8" endian="big"/>
	<scaling name="ValveTiming" units="degrees" toexpr="72-x*0.6" frexpr="(72-x)/0.6" format="%.1f" min="0" max="30" inc="0.6" storagetype="uint8" endian="big"/>
	<scaling name="VehicleSpeed" units="km/h" toexpr="x*2" frexpr="x/2" format="%.0f" min="0" max="510" inc="1" storagetype="uint16" endian="big"/>
	<scaling name="VehicleSpeed8" units="units" toexpr="x*2" frexpr="x/2" format="%.0f" min="0" max="510" inc="1" storagetype="uint8" endian="big"/>
	<scaling name="Volts16" units="Volts" toexpr="x*5/256" frexpr="x*256/5" format="%.2f" min="0" max="5" inc="0.05" storagetype="uint16" endian="big"/>
	<scaling name="WGDuty" units="%" toexpr="x/2" frexpr="x*2" format="%.1f" min="0" max="100" inc="0.5" storagetype="uint8" endian="big"/>
	<scaling name="blobbits" storagetype="bloblist" storagebits="1">
		<data name="0" value="00"/>
		<data name="1" value="01"/>
	</scaling>
	<scaling name="uint16" units="units" toexpr="x" frexpr="x" format="%.0f" min="0" max="65535" inc="1" storagetype="uint16" endian="big"/>
	<scaling name="uint8" units="units" toexpr="x" frexpr="x" format="%.0f" min="0" max="255" inc="1" storagetype="uint8" endian="big"/>

	<table name="High Octane Fuel Map" category="Fuel" address="500b" type="3D" swapxy="true" scaling="AFR">
		<table name="Load" address="6796" type="X Axis" elements="10" scaling="Load"/>
		<table name="RPM" address="66fe" type="Y Axis" elements="14" scaling="RPM"/>
	</table>

	<table name="Low Octane Fuel Map" category="Fuel" address="50a3" type="3D" swapxy="true" scaling="AFR">
		<table name="Load" address="6796" type="X Axis" elements="10" scaling="Load"/>
		<table name="RPM" address="66fe" type="Y Axis" elements="14" scaling="RPM"/>
	</table>

	<table name="High Octane Ignition Map 1" category="Timing" address="513b" type="3D" swapxy="true" scaling="Timing">
		<table name="Load" address="69b2" type="X Axis" elements="12" scaling="Load"/>
		<table name="RPM" address="6984" type="Y Axis" elements="18" scaling="RPM"/>
	</table>

	<table name="Low Octane Ignition Map 1" category="Timing" address="521f" type="3D" swapxy="true" scaling="Timing">
		<table name="Load" address="69b2" type="X Axis" elements="12" scaling="Load"/>
		<table name="RPM" address="6984" type="Y Axis" elements="18" scaling="RPM"/>
	</table>

	<table name="Injector Battery Voltage Latency Compensation" category="Fuel" address="35a0" type="2D" scaling="InjectorLatency">
		<table name="Battery Voltage" address="6798" type="Y Axis" elements="7" scaling="BatteryVoltage"/>
	</table>

	<table name="Rev Limit" category="Limits" address="156c" type="1D" level="2" scaling="RPMLimit"/>

	<table name="Stationary Rev Limit" category="Limits" address="2b60" type="1D" level="4" scaling="RPMStatLimit"/>

	<table name="Accel Enrichment" category="Fuel" address="3644" type="2D" scaling="EnrichmentAdj">
		<table name="RPM" address="66fe" type="Y Axis" elements="12" scaling="RPM"/>
	</table>

	<table name="Open Loop Load (High Octane)" category="Fuel" address="347c" type="2D" scaling="Load8">
		<table name="RPM" address="66fe" type="Y Axis" elements="14" scaling="RPM"/>
	</table>

	<table name="Open Loop Load (Low Octane)" category="Fuel" address="3492" type="2D" scaling="Load8">
		<table name="RPM" address="66fe" type="Y Axis" elements="14" scaling="RPM"/>
	</table>

	<table name="Open Loop Throttle Low Load" category="Fuel" address="34ae" type="2D" scaling="ThrottleVoltage">
		<table name="RPM" address="66fe" type="Y Axis" elements="14" scaling="RPM"/>
	</table>

	<table name="Open Loop Throttle High Load" category="Fuel" address="34c4" type="2D" scaling="ThrottleVoltage">
		<table name="RPM" address="66fe" type="Y Axis" elements="14" scaling="RPM"/>
	</table>

	<table name="Desired ISCV intial step position with AC off-Neutral" category="Idle" address="3ae6" type="2D" scaling="ISCVSteps">
		<table name="Engine Temp" address="6a52" type="Y Axis" elements="8" scaling="Temp"/>
	</table>

	<table name="Desired ISCV intial step position with AC off-Drive" category="Idle" address="3ad8" type="2D" scaling="ISCVSteps">
		<table name="Engine Temp" address="6a52" type="Y Axis" elements="8" scaling="Temp"/>
	</table>

	<table name="Desired ISCV intial step position with AC on-Neutral" category="Idle" address="3aca" type="2D" scaling="ISCVSteps">
		<table name="Engine Temp" address="6a52" type="Y Axis" elements="8" scaling="Temp"/>
	</table>

	<table name="Desired Idle RPM-Neutral" category="Idle" address="3abc" type="2D" scaling="RPM8">
		<table name="Engine Temp" address="6a52" type="Y Axis" elements="8" scaling="Temp"/>
	</table>

	<table name="Desired Idle RPM-Drive" category="Idle" address="3aca" type="2D" scaling="RPM8">
		<table name="Engine Temp" address="6a52" type="Y Axis" elements="8" scaling="Temp"/>
	</table>

	<table name="Desired Idle RPM with AC on" category="Idle" address="1820" type="2D" scaling="RPMTarget">
		<table name="Condition" type="Static Y Axis" elements="2">
			<data>Neut</data>
			<data>Drive</data>
		</table>
	</table>

	<table name="High Intake Air Temp Idle Speed Target" category="Idle" address="2450" type="2D" scaling="RPMTarget">
		<table name="Condition" type="Static Y Axis" elements="2">
			<data>AC Off</data>
			<data>AC On</data>
		</table>
	</table>

	<table name="High Intake Air Temp ISCV Increase" category="Idle" address="2454" type="2D" scaling="ISCVSteps16">
		<table name="Condition" type="Static Y Axis" elements="2">
			<data>AC Off</data>
			<data>AC On</data>
		</table>
	</table>

	<table name="Min Coolant Temp for Closed Loop" category="Fuel" address="158a" type="1D" scaling="Temp"/>

	<table name="Speed Limit" category="Limits" address="156e" type="2D" scaling="VehicleSpeed">
		<table name="Condition" type="Static Y Axis" elements="2">
			<data>On</data>
			<data>Off</data>
		</table>
	</table>

	<table name="Injector Scaling" category="Fuel" address="1506" type="1D" scaling="InjectorScaling"/>

	<table name="MAF Scaling" category="Fuel" address="3306" type="2D" level="3" scaling="uint8">
		<table name="Load" address="6858" type="Y Axis" elements="21" scaling="AirFlowHz"/>
	</table>

	<table name="MAF Smoothing Table" category="Fuel" address="3322" type="2D" level="3" scaling="AirFlow8">
		<table name="Load" address="6858" type="Y Axis" elements="21" scaling="uint16"/>
	</table>

	<table name="Air Temperature Compensation" category="Fuel" address="333e" type="2D" level="3" flipy="true" scaling="uint8">
		<table name="Degrees" address="6a52" type="Y Axis" elements="7" scaling="Temp"/>
	</table>

	<table name="Barometric Pressure Compensation" category="Fuel" address="3351" type="3D" level="3" swapxy="true" scaling="BoostBar">
		<table name="Atmosphere Pressure" address="66ec" type="X Axis" elements="4" scaling="Load16"/>
		<table name="RPM" address="6732" type="Y Axis" elements="9" scaling="RPM"/>
	</table>

	<table name="Idle Stepper Look-up Table" category="Idle" address="3c09" type="3D" level="2" scaling="ISCVSteps">
		<table name="Throttle Position" address="6a40" type="X Axis" elements="8" scaling="uint16"/>
		<table name="RPM" address="6b1e" type="Y Axis" elements="27" scaling="RPM"/>
	</table>

	<table name="Knock Sensor Filter Map 1" category="Timing" address="3fb5" type="3D" level="4" swapxy="true" scaling="uint8">
		<table name="TAR" address="6bfa" type="X Axis" elements="9" scaling="Load16"/>
		<table name="RPM" address="6cc6" type="Y Axis" elements="11" scaling="RPM"/>
	</table>

	<table name="MAF Sensor Filtering" category="Fuel" address="1508" type="2D" level="3" scaling="uint16">
		<table name="Load" type="Static Y Axis" elements="2">
			<data>Hi</data>
			<data>Lo</data>
		</table>
	</table>

	<table name="MAF Size" category="Fuel" address="150c" type="1D" level="3" scaling="AirFlow16"/>

	<table name="ECU Periphery00 (F9A) Bits" category="ECUPeriphery" address="f9a" type="2D" level="2" scaling="blobbits">
		<table name="Periphery Bit Number" type="Static Y Axis" flipy="true" elements="16">
			<data>bit.15</data>
			<data>bit.14</data>
			<data>bit.13</data>
			<data>bit.12</data>
			<data>bit.11</data>
			<data>bit.10</data>
			<data>bit.9</data>
			<data>bit.8</data>
			<data>bit.7</data>
			<data>bit.6</data>
			<data>bit.5</data>
			<data>bit.4</data>
			<data>bit.3</data>
			<data>bit.2</data>
			<data>bit.1</data>
			<data>bit.0</data>
		</table>
	</table>

	<table name="ECU Periphery0 (FAA) Bits" category="ECUPeriphery" address="faa" type="2D" level="2" scaling="blobbits">
		<table name="Periphery Bit Number" type="Static Y Axis" flipy="true" elements="16">
			<data>bit.15</data>
			<data>front o2 sensor heater circuit</data>
			<data>bit.13</data>
			<data>bit.12</data>
			<data>Disable EGR / Enabled Ign Adv (set bit=1)</data>
			<data>timing knockdown on light acceleration under 3000rpm</data>
			<data>Enable Warmup Ign Retard</data>
			<data>bit.8</data>
			<data>Enable High Oct Ign Map Lookup (and many other subroutines)</data>
			<data>"WG solenoid? Enable Speed Limit Test"</data>
			<data>bit.5</data>
			<data>for full time open loop set to 0</data>
			<data>bit.3</data>
			<data>immobilizer disable</data>
			<data>rear o2</data>
			<data>bit.0</data>
		</table>
	</table>

	<table name="ECU Periphery1 (FBA) Bits" category="ECUPeriphery" address="fba" type="2D" level="2" scaling="blobbits">
		<table name="Periphery Bit Number" type="Static Y Axis" flipy="true" elements="16">
			<data>bit.15</data>
			<data>bit.14</data>
			<data>bit.13</data>
			<data>bit.12</data>
			<data>bit.11</data>
			<data>bit.10</data>
			<data>bit.9</data>
			<data>bit.8</data>
			<data>bit.7</data>
			<data>bit.6</data>
			<data>2nd thermo fan table</data>
			<data>bit.4</data>
			<data>bit.3</data>
			<data>bit.2</data>
			<data>bit.1</data>
			<data>Lean Spool</data>
		</table>
	</table>

	<table name="ECU Periphery2 (FCA) Bits" category="ECUPeriphery" address="fca" type="2D" level="2" scaling="blobbits">
		<table name="Periphery Bit Number" type="Static Y Axis" flipy="true" elements="16">
			<data>P0443, P0446, P0403, P0243, P0090, P2263</data>
			<data>P0450, P0451, P0452, P0453 Evap</data>
			<data>P0441, P0442 Evap</data>
			<data>bit.12</data>
			<data>P0031, P0032, P0037, P0038</data>
			<data>P1400 MAP Sensor</data>
			<data>P0401 EGR Test</data>
			<data>P0506, P0507 Idle Test</data>
			<data>P0170 (P0171, P0172)</data>
			<data>P0134 Front O2</data>
			<data>P0000 - or with bit.4</data>
			<data>P0000 - or with bit.5</data>
			<data>P0132, P0136 O2</data>
			<data>P0133, P0159</data>
			<data>P0421 not in FSM</data>
			<data>bit.0</data>
		</table>
	</table>

	<table name="ECU Periphery3 (FDA) Bits" category="ECUPeriphery" address="fda" type="2D" level="2" scaling="blobbits">
		<table name="Periphery Bit Number" type="Static Y Axis" flipy="true" elements="16">
			<data>P0128 CT Below Reg</data>
			<data>P1603 Battery Backup</data>
			<data>bit.13</data>
			<data>bit.12</data>
			<data>P0180 - P0183, P0461, P2066 Fuel Sensors</data>
			<data>bit.10</data>
			<data>bit.9</data>
			<data>bit.8</data>
			<data>P0551 PS Pressure</data>
			<data>P0500 Speed Sens</data>
			<data>bit.5</data>
			<data>bit.4</data>
			<data>bit.3</data>
			<data>P0234, P0243, P2263</data>
			<data>P0510 not in FSM</data>
			<data>P1715, P1750, etc</data>
		</table>
	</table>

	<table name="ECU Periphery4 (FEA) Bits" category="ECUPeriphery" address="fea" type="2D" level="2" scaling="blobbits">
		<table name="Periphery Bit Number" type="Static Y Axis" flipy="true" elements="16">
			<data>P0140 Rear O2 No Act</data>
			<data>P0069 MAP vs Baro</data>
			<data>P0111 IAT Circuit</data>
			<data>P0554 PS Press Sens</data>
			<data>P1530 A/C1 Switch</data>
			<data>bit.10</data>
			<data>bit.9</data>
			<data>P0830 Clutch Pedal Circuit</data>
			<data>P0090 Fuel Pressure Circuit</data>
			<data>bit.6</data>
			<data>bit.5</data>
			<data>bit.4</data>
			<data>bit.3</data>
			<data>bit.2</data>
			<data>bit.1</data>
			<data>bit.0</data>
		</table>
	</table>

</rom>
