<rom>
	<romid>
		<xmlid>98720012</xmlid>
		<internalidaddress>f52</internalidaddress>
		<internalidhex>98720012</internalidhex>
		<make>Mitsubishi</make>
		<market>USDM</market>
		<model>Lancer</model>
		<submodel>OZ</submodel>
		<transmission>Manual</transmission>
		<year>2002</year>
		<flashmethod>mitsukernel</flashmethod>
		<memmodel>SH7052</memmodel>
	</romid>

	<include>evo7base</include>

	<table name="High Octane Fuel Map" address="35bb">
		<table name="Load" address="5f68" elements="10"/>
		<table name="RPM" address="5eea" elements="14"/>
	</table>

	<table name="Low Octane Fuel Map" address="51f1">
		<table name="Load" address="5f68" elements="10"/>
		<table name="RPM" address="5eea" elements="14"/>
	</table>

	<table name="High Octane Ignition Map 1" address="39f1">
		<table name="Load" address="6184" elements="12"/>
		<table name="RPM" address="6156" elements="18"/>
	</table>

	<table name="Low Octane Ignition Map 1" address="5321">
		<table name="Load" address="6184" elements="12"/>
		<table name="RPM" address="6156" elements="18"/>
	</table>

	<table name="Injector Battery Voltage Latency Compensation" address="379e">
		<table name="Battery Voltage" address="607a"/>
	</table>

	<table name="Rev Limit" address="156c"/>

	<table name="Accel Enrichment" address="3852">
		<table name="RPM" address="64aa" elements="11"/>
	</table>

	<table name="Open Loop Load # 1" address="367c">
		<table name="RPM" address="5eea"/>
	</table>

	<table name="Open Loop Load # 2" address="3692">
		<table name="RPM" address="5eea"/>
	</table>

	<table name="Open Loop Throttle Low Load" address="36ae">
		<table name="RPM" address="5eea"/>
	</table>

	<table name="Open Loop Throttle High Load" address="36c4">
		<table name="RPM" address="5eea"/>
	</table>

	<table name="Desired ISCV intial step position with AC off-Neutral" address="3cca">
		<table name="Engine Temp" address="6224"/>
	</table>

	<table name="Desired ISCV intial step position with AC off-Drive" address="3cd8">
		<table name="Engine Temp" address="6224"/>
	</table>

	<table name="Desired ISCV intial step position with AC on-Neutral" address="3ce6">
		<table name="Engine Temp" address="6224"/>
	</table>

	<table name="Desired Idle RPM-Neutral" address="3cae">
		<table name="Engine Temp" address="6224"/>
	</table>

	<table name="Desired Idle RPM-Drive" address="3cbc">
		<table name="Engine Temp" address="6224"/>
	</table>

	<table name="Desired Idle RPM with AC on" address="1820">
		<table name="Condition"/>
	</table>

	<table name="High Intake Air Temp Idle Speed Target" address="246a">
		<table name="Condition"/>
	</table>

	<table name="High Intake Air Temp ISCV Increase" address="246e">
		<table name="Condition" elements="2"/>
	</table>

	<table name="Min Coolant Temp for Closed Loop" address="158a"/>

	<table name="Speed Limit" address="156e">
		<table name="Condition"/>
	</table>

	<table name="Injector Scaling" address="1506"/>

	<table name="MAF Scaling" address="3506">
		<table name="Load" address="602a"/>
	</table>

	<table name="MAF Smoothing Table" address="3522">
		<table name="Load" address="602a"/>
	</table>

	<table name="Air Temperature Compensation" address="353e">
		<table name="Degrees" address="6224" elements="7"/>
	</table>

	<table name="Barometric Pressure Compensation" address="3551">
		<table name="Atmosphere Pressure" address="6018"/>
		<table name="RPM" address="605e"/>
	</table>

	<table name="Idle Stepper Look-up Table" address="3df1">
		<table name="Throttle Position" address="627a"/>
		<table name="RPM" address="6302"/>
	</table>

	<table name="Knock Sensor Filter Map 1" address="41ab">
		<table name="TAR" address="64ca" elements="9"/>
		<table name="RPM" address="64aa"/>
	</table>

	<table name="Knock Sensor Filter Map 2" address="4219">
		<table name="TAR" address="64ca" elements="9"/>
		<table name="RPM" address="64aa"/>
	</table>

	<table name="Knock Sensor Filter Map 3" address="4287">
		<table name="TAR" address="64ca" elements="9"/>
		<table name="RPM" address="64aa"/>
	</table>

	<table name="Knock Sensor Filter Map 4" address="42f5">
		<table name="TAR" address="64ca" elements="9"/>
		<table name="RPM" address="64aa"/>
	</table>

	<table name="Knock Sensor Filter Map 5" address="4363">
		<table name="TAR" address="64ca" elements="9"/>
		<table name="RPM" address="64aa"/>
	</table>

	<table name="Knock Sensor Filter Map 6" address="43d1">
		<table name="TAR" address="64ca" elements="9"/>
		<table name="RPM" address="64aa"/>
	</table>

	<table name="Knock Sensor Filter Map 7" address="46cd">
		<table name="TAR" address="64ca" elements="9"/>
		<table name="RPM" address="64aa"/>
	</table>

	<table name="Knock Sensor Filter Map 8" address="473b">
		<table name="TAR" address="64ca" elements="9"/>
		<table name="RPM" address="64aa"/>
	</table>

	<table name="Knock Sensor Filter Map 9" address="47a9">
		<table name="TAR" address="64ca" elements="9"/>
		<table name="RPM" address="64aa"/>
	</table>

	<table name="Knock Sensor Filter Map 10" address="4817">
		<table name="TAR" address="64ca" elements="9"/>
		<table name="RPM" address="64aa"/>
	</table>

	<table name="Knock Sensor Filter Map 11" address="4885">
		<table name="TAR" address="64ca" elements="9"/>
		<table name="RPM" address="64aa"/>
	</table>

	<table name="Knock Sensor Filter Map 12" address="48f3">
		<table name="TAR" address="64ca" elements="9"/>
		<table name="RPM" address="64aa"/>
	</table>

	<table name="MAF Sensor Filtering" address="1508">
		<table name="Load"/>
	</table>

	<table name="MAF Size" address="150c"/>

</rom>
